test dataset count:,1046
exception answer count:,449
f1_macro:,0.13716350445966335
f1_micro:,0.13423575860124085
f1_weighted:,0.14046940395256755
accuracy:,0.07170172084130019
per class F1:,[0.10633947 0.17164179 0.12672176 0.143951  ]
