test dataset count:,1046
exception answer count:,0
f1_macro:,0.09495508643527516
f1_micro:,0.10955056179775281
f1_weighted:,0.06687415259808395
accuracy:,0.08795411089866156
per class F1:,[0.15384615 0.03351955 0.18897638 0.00347826]
