test dataset count:,1046
exception answer count:,148
f1_macro:,0.10374670199162762
f1_micro:,0.13119395941481832
f1_weighted:,0.11971946217129666
accuracy:,0.04780114722753346
per class F1:,[0.1474359  0.04494382 0.05642633 0.16618076]
