test dataset count:,1046
exception answer count:,65
f1_macro:,0.18962827765196777
f1_micro:,0.2128060263653484
f1_weighted:,0.18404845733156794
accuracy:,0.17973231357552583
per class F1:,[0.13297872 0.14367816 0.36988111 0.11197512]
