test dataset count:,1046
exception answer count:,0
f1_macro:,0.1542973864952386
f1_micro:,0.149812734082397
f1_weighted:,0.11650654226427334
accuracy:,0.12715105162523901
per class F1:,[0.18776671 0.19815668 0.17571059 0.05555556]
